<?xml version="1.0" encoding="UTF-8"?>
<project-private xmlns="http://www.netbeans.org/ns/project-private/1">
    <editor-bookmarks xmlns="http://www.netbeans.org/ns/editor-bookmarks/2" lastBookmarkId="1">
        <file>
            <url>src/com/thomsonreuters/ema/examples/mrn/MRNFXMain.java</url>
            <bookmark id="1">
                <name/>
                <line>46</line>
                <key/>
            </bookmark>
        </file>
    </editor-bookmarks>
    <open-files xmlns="http://www.netbeans.org/ns/projectui-open-files/2">
        <group>
            <file>file:/C:/projects/MRN/NewsAnalytics__Streaming_GUI/src/com/thomsonreuters/ema/examples/mrn/MRNConsumer.java</file>
            <file>file:/C:/projects/MRN/NewsAnalytics__Streaming_GUI/src/com/thomsonreuters/ema/examples/mrn/MRNFXMain.java</file>
            <file>file:/C:/projects/MRN/NewsAnalytics__Streaming_GUI/css/dark.css</file>
        </group>
    </open-files>
</project-private>
